review_id,restaurant_id,rating,price_range,cuisine,day_of_week,meal_time,delivery,wait_time
1,18,5.0,$$$$,Indian,Wednesday,Lunch,False,15.0
2,38,4.0,$$,Indian,Tuesday,Dinner,False,42.0
3,46,3.0,$$,Italian,Tuesday,Dinner,False,16.0
4,18,5.0,$$,Chinese,Wednesday,Breakfast,False,21.0
5,49,3.0,$$$,Indian,Friday,Dinner,False,19.0
6,41,5.0,$$$,Mexican,Friday,Dinner,True,20.0
7,45,5.0,$$,Indian,Monday,Dinner,True,25.0
8,16,5.0,$,Mexican,Wednesday,Dinner,False,27.0
9,21,2.0,$$$,Italian,Thursday,Dinner,False,29.0
10,10,5.0,$$$$,Mexican,Friday,Lunch,False,42.0
11,42,5.0,$,Italian,Sunday,Lunch,False,9.0
12,4,3.0,$$$,Italian,Friday,Dinner,False,12.0
13,44,4.0,$$,Italian,Saturday,Lunch,False,5.0
14,8,3.0,$$$,Mexican,Tuesday,Dinner,False,16.0
15,47,5.0,$$,Mexican,Friday,Dinner,False,20.0
16,19,5.0,$$,Italian,Sunday,Dinner,False,18.0
17,47,5.0,$$$,Italian,Friday,Lunch,False,13.0
18,40,5.0,$$$$,Chinese,Sunday,Breakfast,True,25.0
19,40,4.0,$$,Italian,Saturday,Lunch,True,21.0
20,9,3.0,$$,American,Sunday,Dinner,False,16.0
21,30,3.0,$,Chinese,Friday,Lunch,False,26.0
22,17,3.0,$,Chinese,Saturday,Dinner,False,19.0
23,40,4.0,$$$,Chinese,Wednesday,Breakfast,False,36.0
24,44,5.0,$,American,Wednesday,Dinner,False,23.0
25,15,5.0,$$$,Chinese,Tuesday,Lunch,False,21.0
26,4,3.0,$$,Chinese,Monday,Dinner,False,27.0
27,6,5.0,$$$$,Mexican,Saturday,Lunch,True,5.0
28,16,4.0,$,Japanese,Friday,Lunch,True,37.0
29,26,4.0,$,Mexican,Monday,Dinner,False,32.0
30,37,5.0,$,Italian,Wednesday,Lunch,False,17.0
31,23,4.0,$$$,Italian,Friday,Dinner,False,13.0
32,13,5.0,$$,Indian,Monday,Dinner,False,14.0
33,47,5.0,$,Japanese,Saturday,Dinner,False,10.0
34,17,5.0,$$$$,American,Saturday,Dinner,False,8.0
35,27,3.0,$$$$,Mexican,Monday,Breakfast,False,
36,22,3.0,$$$,Italian,Sunday,Lunch,False,
37,37,4.0,$,American,Saturday,Lunch,True,21.0
38,19,5.0,$$,Chinese,Thursday,Breakfast,False,23.0
39,39,,$$$,American,Wednesday,Lunch,False,37.0
40,35,4.0,$$,Mexican,Tuesday,Lunch,False,34.0
41,13,5.0,$,Japanese,Tuesday,Dinner,False,17.0
42,14,4.0,$,Indian,Thursday,Dinner,False,22.0
43,48,3.0,$$$$,Mexican,Monday,Breakfast,False,36.0
44,31,5.0,$,Japanese,Saturday,Lunch,False,20.0
45,45,5.0,$$$,Italian,Thursday,Lunch,False,26.0
46,2,3.0,$$,Italian,Thursday,Lunch,True,18.0
47,46,4.0,$$$,American,Saturday,Dinner,False,25.0
48,39,4.0,$$$,Mexican,Wednesday,Lunch,False,25.0
49,37,3.0,$$,Italian,Saturday,Breakfast,False,21.0
50,14,5.0,$$,Chinese,Saturday,Dinner,False,35.0
51,9,4.0,$$$,Chinese,Sunday,Dinner,True,16.0
52,10,,$$,Indian,Friday,Dinner,False,26.0
53,7,3.0,$$$,American,Monday,Dinner,False,42.0
54,28,5.0,$$$,Italian,Tuesday,Lunch,True,28.0
55,46,5.0,$$,Indian,Tuesday,Lunch,True,17.0
56,25,5.0,$$,Chinese,Thursday,Lunch,True,28.0
57,46,2.0,$,Indian,Sunday,Lunch,False,49.0
58,28,5.0,$$$,Indian,Thursday,Dinner,True,25.0
59,2,4.0,$,Italian,Thursday,Dinner,True,32.0
60,17,5.0,$$$$,Italian,Monday,Lunch,True,25.0
61,4,5.0,$$$$,Italian,Thursday,Lunch,False,27.0
62,13,2.0,$,American,Thursday,Lunch,False,24.0
63,18,4.0,$,Indian,Friday,Dinner,False,14.0
64,3,1.0,$$,Indian,Monday,Lunch,False,28.0
65,37,,$$$$,American,Wednesday,Lunch,True,12.0
66,33,3.0,$$,Chinese,Sunday,Dinner,False,21.0
67,41,5.0,$$,Mexican,Wednesday,Lunch,False,44.0
68,24,4.0,$$$,Chinese,Saturday,Breakfast,True,24.0
69,8,4.0,$,American,Friday,Breakfast,False,15.0
70,35,5.0,$$,Indian,Tuesday,Lunch,True,27.0
71,2,5.0,$$,Indian,Saturday,Breakfast,True,19.0
72,33,,$$$,Italian,Wednesday,Lunch,False,26.0
73,12,4.0,$,Italian,Monday,Dinner,False,13.0
74,22,2.0,$$,Indian,Tuesday,Dinner,True,32.0
75,13,1.0,$$$$,Indian,Thursday,Dinner,False,26.0
76,10,4.0,$$,Japanese,Monday,Dinner,False,14.0
77,17,2.0,$$$,Italian,Tuesday,Lunch,False,28.0
78,43,4.0,$,Italian,Wednesday,Dinner,False,44.0
79,5,1.0,$$,Chinese,Saturday,Lunch,False,17.0
80,9,4.0,$,Indian,Thursday,Lunch,False,32.0
81,13,4.0,$$,Indian,Thursday,Lunch,False,29.0
82,23,2.0,$$,American,Sunday,Breakfast,True,29.0
83,30,3.0,$$,Chinese,Monday,Dinner,False,34.0
84,43,4.0,$,Mexican,Saturday,Breakfast,False,22.0
85,4,5.0,$$,Mexican,Thursday,Lunch,True,26.0
86,21,4.0,$$,Mexican,Tuesday,Lunch,False,25.0
87,43,5.0,$$,Japanese,Sunday,Breakfast,True,16.0
88,9,2.0,$,Italian,Sunday,Lunch,False,29.0
89,7,2.0,$$$,Mexican,Friday,Breakfast,True,21.0
90,16,1.0,$$,American,Wednesday,Lunch,False,43.0
91,23,4.0,$$,Italian,Monday,Dinner,True,19.0
92,23,5.0,$$$,Italian,Saturday,Lunch,True,11.0
93,31,2.0,$$,Mexican,Friday,Breakfast,False,36.0
94,5,4.0,$,Italian,Friday,Dinner,False,17.0
95,6,4.0,$$,Chinese,Monday,Dinner,False,12.0
96,1,5.0,$$$$,Chinese,Tuesday,Lunch,True,28.0
97,48,5.0,$$,Mexican,Saturday,Lunch,False,38.0
98,28,5.0,$$$,American,Wednesday,Dinner,False,32.0
99,18,4.0,$$$,Italian,Monday,Lunch,False,19.0
100,24,5.0,$$,Indian,Saturday,Dinner,False,26.0
101,13,5.0,$$$,Mexican,Friday,Lunch,False,22.0
102,33,4.0,$$,Japanese,Friday,Dinner,False,41.0
103,10,4.0,$$,Italian,Monday,Dinner,False,20.0
104,7,4.0,$$,Mexican,Saturday,Dinner,False,25.0
105,37,4.0,$$$,Mexican,Friday,Lunch,False,
106,32,,$$,American,Monday,Lunch,False,13.0
107,45,3.0,$,Indian,Sunday,Lunch,False,23.0
108,22,5.0,$$$,Italian,Monday,Dinner,True,23.0
109,16,4.0,$$$,Mexican,Wednesday,Dinner,False,38.0
110,24,,$$$$,Mexican,Monday,Lunch,False,26.0
111,14,4.0,$$,Italian,Sunday,Dinner,False,21.0
112,11,5.0,$,Mexican,Saturday,Lunch,False,23.0
113,19,4.0,$,Mexican,Saturday,Lunch,False,24.0
114,23,4.0,$$$,Mexican,Friday,Dinner,False,24.0
115,34,4.0,$,Chinese,Thursday,Lunch,False,34.0
116,40,4.0,$$$$,Chinese,Wednesday,Lunch,False,34.0
117,13,5.0,$$,Indian,Saturday,Breakfast,False,15.0
118,39,2.0,$$$$,American,Friday,Dinner,False,35.0
119,44,4.0,$$$,Italian,Friday,Dinner,False,32.0
120,28,3.0,$$$$,American,Wednesday,Dinner,False,24.0
121,40,5.0,$,American,Wednesday,Dinner,False,10.0
122,16,3.0,$$,Chinese,Friday,Dinner,False,27.0
123,28,4.0,$,Indian,Sunday,Lunch,True,21.0
124,4,3.0,$,American,Thursday,Dinner,False,30.0
125,28,4.0,$$,American,Sunday,Dinner,False,31.0
126,12,5.0,$$$,Mexican,Tuesday,Dinner,True,38.0
127,16,3.0,$,Italian,Sunday,Dinner,False,14.0
128,49,5.0,$$$$,Indian,Friday,Dinner,True,46.0
129,36,3.0,$,Italian,Wednesday,Breakfast,False,33.0
130,20,4.0,$$,Chinese,Monday,Lunch,False,32.0
131,26,4.0,$,American,Monday,Dinner,False,44.0
132,26,4.0,$$$,American,Wednesday,Dinner,False,28.0
133,22,4.0,$,Japanese,Sunday,Dinner,False,35.0
134,9,4.0,$$$$,Italian,Wednesday,Lunch,False,26.0
135,5,3.0,$$,Chinese,Tuesday,Lunch,True,33.0
136,17,4.0,$$$$,Japanese,Saturday,Dinner,True,36.0
137,49,1.0,$$,Japanese,Wednesday,Dinner,False,35.0
138,34,5.0,$$,Mexican,Monday,Dinner,False,9.0
139,2,5.0,$$$,Japanese,Thursday,Lunch,True,20.0
140,7,3.0,$$$,Japanese,Wednesday,Dinner,False,36.0
141,36,3.0,$$,Mexican,Tuesday,Dinner,False,29.0
142,13,1.0,$$$$,American,Thursday,Dinner,False,24.0
143,20,5.0,$,American,Tuesday,Lunch,False,30.0
144,30,5.0,$$$,Indian,Thursday,Lunch,False,13.0
145,30,4.0,$$,Japanese,Wednesday,Dinner,False,32.0
146,11,4.0,$,Italian,Monday,Breakfast,False,28.0
147,31,3.0,$$,American,Thursday,Dinner,False,25.0
148,3,4.0,$$$$,Chinese,Friday,Lunch,False,23.0
149,2,5.0,$$$$,Italian,Saturday,Dinner,True,27.0
150,48,4.0,$$,Indian,Tuesday,Lunch,True,22.0
151,3,5.0,$$$$,Japanese,Thursday,Lunch,True,21.0
152,15,4.0,$$,Mexican,Tuesday,Dinner,False,42.0
153,17,2.0,$$$,Indian,Monday,Dinner,False,9.0
154,48,4.0,$,Italian,Tuesday,Breakfast,False,9.0
155,7,4.0,$$,Mexican,Tuesday,Lunch,False,32.0
156,48,5.0,$,Chinese,Friday,Dinner,False,12.0
157,5,4.0,$$,Mexican,Tuesday,Lunch,False,5.0
158,34,4.0,$$,Mexican,Thursday,Dinner,False,35.0
159,33,5.0,$$$,Chinese,Tuesday,Lunch,True,37.0
160,45,4.0,$$,American,Wednesday,Dinner,False,11.0
161,16,4.0,$$$$,American,Tuesday,Dinner,False,7.0
162,37,5.0,$$$,Mexican,Wednesday,Dinner,False,12.0
163,3,,$,Mexican,Saturday,Breakfast,False,18.0
164,47,,$$,Indian,Tuesday,Dinner,True,44.0
165,48,5.0,$$$,American,Sunday,Lunch,False,20.0
166,43,1.0,$$$$,Chinese,Saturday,Dinner,False,33.0
167,21,3.0,$$$$,Japanese,Sunday,Lunch,True,32.0
168,41,4.0,$$$,Japanese,Tuesday,Dinner,False,38.0
169,8,3.0,$$,Mexican,Thursday,Breakfast,False,18.0
170,22,5.0,$$$,Mexican,Sunday,Dinner,False,24.0
171,5,4.0,$$,Japanese,Wednesday,Lunch,False,22.0
172,17,4.0,$$,Indian,Saturday,Lunch,False,30.0
173,37,3.0,$$$,Indian,Saturday,Breakfast,True,37.0
174,14,3.0,$$$$,Indian,Wednesday,Breakfast,False,46.0
175,39,4.0,$$$$,Italian,Friday,Lunch,False,21.0
176,41,4.0,$$,Chinese,Tuesday,Lunch,False,26.0
177,28,5.0,$$$,Italian,Tuesday,Dinner,True,33.0
178,31,3.0,$$$$,Mexican,Thursday,Lunch,False,31.0
179,17,5.0,$$$,Indian,Friday,Dinner,False,42.0
180,35,3.0,$$,Indian,Friday,Breakfast,False,23.0
181,40,4.0,$$$,Japanese,Sunday,Dinner,True,21.0
182,22,4.0,$$,Japanese,Thursday,Lunch,True,38.0
183,45,2.0,$$$,Indian,Saturday,Dinner,True,
184,48,4.0,$$$,American,Wednesday,Dinner,False,30.0
185,29,1.0,$$$,Japanese,Saturday,Lunch,True,24.0
186,10,4.0,$,Chinese,Monday,Dinner,False,34.0
187,18,5.0,$$,Italian,Thursday,Lunch,False,16.0
188,35,2.0,$$,Chinese,Wednesday,Dinner,False,20.0
189,44,5.0,$$,Japanese,Saturday,Breakfast,False,5.0
190,16,4.0,$$$$,Indian,Saturday,Lunch,False,18.0
191,49,5.0,$$,Mexican,Friday,Lunch,False,34.0
192,7,2.0,$$,American,Thursday,Dinner,False,
193,30,5.0,$$$$,Japanese,Monday,Lunch,True,15.0
194,19,2.0,$,Chinese,Tuesday,Dinner,True,39.0
195,23,4.0,$$$,Mexican,Thursday,Dinner,False,26.0
196,8,5.0,$$,Japanese,Monday,Breakfast,False,41.0
197,17,3.0,$,Indian,Monday,Dinner,True,33.0
198,21,1.0,$$$$,Indian,Thursday,Dinner,False,
199,26,5.0,$,Indian,Wednesday,Dinner,False,
200,28,,$$,Indian,Thursday,Dinner,True,21.0
201,39,4.0,$,Japanese,Saturday,Dinner,False,14.0
202,33,1.0,$,American,Sunday,Dinner,True,40.0
203,40,5.0,$$$$,American,Friday,Lunch,False,31.0
204,19,3.0,$$$,Chinese,Saturday,Lunch,False,38.0
205,29,5.0,$,Japanese,Monday,Breakfast,False,33.0
206,20,5.0,$$$,Indian,Monday,Lunch,False,41.0
207,20,5.0,$$$,American,Tuesday,Lunch,False,19.0
208,10,3.0,$$$$,Japanese,Monday,Dinner,False,23.0
209,12,,$$,Mexican,Sunday,Lunch,False,23.0
210,33,4.0,$$$$,American,Tuesday,Dinner,False,23.0
211,25,5.0,$$,American,Monday,Dinner,False,9.0
212,25,3.0,$$$,Chinese,Monday,Lunch,False,26.0
213,4,5.0,$$$$,American,Thursday,Breakfast,False,32.0
214,4,4.0,$,Mexican,Thursday,Dinner,True,18.0
215,9,1.0,$,Indian,Friday,Dinner,True,15.0
216,15,4.0,$$,Italian,Saturday,Dinner,False,23.0
217,26,3.0,$,Chinese,Wednesday,Lunch,True,32.0
218,15,4.0,$$,Mexican,Friday,Dinner,False,14.0
219,26,4.0,$$$,Chinese,Monday,Lunch,False,48.0
220,28,4.0,$$,Japanese,Friday,Dinner,False,12.0
221,7,,$$,Indian,Thursday,Dinner,False,19.0
222,32,4.0,$$,American,Saturday,Breakfast,False,36.0
223,12,1.0,$,Japanese,Monday,Breakfast,False,34.0
224,35,5.0,$$,American,Monday,Breakfast,True,33.0
225,32,5.0,$$$,Mexican,Friday,Lunch,False,18.0
226,9,4.0,$,Indian,Saturday,Dinner,True,20.0
227,14,3.0,$$$$,Italian,Sunday,Lunch,False,16.0
228,13,4.0,$$,Italian,Tuesday,Dinner,False,21.0
229,44,5.0,$$$$,American,Sunday,Lunch,False,28.0
230,33,5.0,$,Japanese,Wednesday,Dinner,False,16.0
231,32,4.0,$$$,Indian,Saturday,Dinner,True,7.0
232,19,2.0,$$$,Indian,Friday,Dinner,False,36.0
233,30,5.0,$$$,Mexican,Sunday,Dinner,True,23.0
234,16,4.0,$$$,Japanese,Friday,Lunch,False,32.0
235,12,3.0,$$$$,Italian,Wednesday,Dinner,False,21.0
236,10,2.0,$$$,Mexican,Monday,Lunch,False,30.0
237,2,4.0,$$$,Chinese,Monday,Lunch,False,48.0
238,18,4.0,$$$$,Indian,Tuesday,Lunch,False,13.0
239,13,5.0,$$$,Italian,Friday,Dinner,True,17.0
240,29,5.0,$$,Mexican,Wednesday,Dinner,False,15.0
241,24,3.0,$$,American,Friday,Dinner,False,
242,38,5.0,$$$$,Chinese,Thursday,Lunch,False,24.0
243,12,5.0,$$,Mexican,Friday,Breakfast,False,33.0
244,29,4.0,$$$,American,Friday,Dinner,False,5.0
245,22,5.0,$,Italian,Thursday,Dinner,False,28.0
246,36,5.0,$$,Italian,Thursday,Lunch,True,21.0
247,1,4.0,$$$,Chinese,Sunday,Dinner,False,38.0
248,43,5.0,$$,American,Wednesday,Lunch,False,31.0
249,40,5.0,$$,Indian,Sunday,Breakfast,False,20.0
250,34,5.0,$,Italian,Monday,Lunch,False,40.0
251,34,5.0,$$,Japanese,Tuesday,Lunch,False,41.0
252,48,4.0,$$$,Indian,Sunday,Lunch,True,40.0
253,33,5.0,$,Indian,Thursday,Dinner,False,32.0
254,4,5.0,$$$,Mexican,Monday,Dinner,True,22.0
255,38,4.0,$$,Mexican,Wednesday,Lunch,False,27.0
256,30,2.0,$$$$,Italian,Saturday,Dinner,False,20.0
257,46,,$,Indian,Friday,Dinner,False,27.0
258,20,1.0,$,Mexican,Wednesday,Breakfast,False,19.0
259,26,,$$,American,Wednesday,Dinner,True,23.0
260,15,5.0,$$,American,Thursday,Dinner,False,46.0
261,7,4.0,$,American,Tuesday,Breakfast,True,28.0
262,7,2.0,$$$,American,Sunday,Lunch,True,20.0
263,29,3.0,$$,Indian,Thursday,Lunch,False,13.0
264,23,4.0,$$,American,Friday,Dinner,True,24.0
265,34,5.0,$$,Indian,Thursday,Lunch,False,32.0
266,20,4.0,$$$$,Italian,Friday,Dinner,False,26.0
267,15,2.0,$,Italian,Thursday,Dinner,False,24.0
268,33,4.0,$,American,Saturday,Lunch,False,29.0
269,17,,$,American,Tuesday,Dinner,False,28.0
270,20,4.0,$$$,American,Saturday,Dinner,False,32.0
271,13,5.0,$$$,Italian,Monday,Lunch,False,32.0
272,44,4.0,$$,Mexican,Tuesday,Dinner,True,24.0
273,24,5.0,$,Italian,Sunday,Breakfast,False,23.0
274,47,4.0,$,American,Thursday,Breakfast,False,25.0
275,37,3.0,$$$,Mexican,Wednesday,Lunch,False,30.0
276,7,5.0,$,Mexican,Monday,Dinner,True,36.0
277,8,4.0,$$$$,Chinese,Wednesday,Dinner,True,21.0
278,23,3.0,$,Indian,Saturday,Lunch,False,23.0
279,14,5.0,$,American,Sunday,Breakfast,False,16.0
280,4,,$,Indian,Tuesday,Lunch,False,10.0
281,21,3.0,$$$,Chinese,Sunday,Dinner,False,12.0
282,46,4.0,$$$,Indian,Monday,Dinner,False,14.0
283,10,5.0,$$$$,American,Saturday,Dinner,False,18.0
284,22,5.0,$$,Chinese,Thursday,Dinner,True,29.0
285,30,3.0,$,Indian,Wednesday,Dinner,False,14.0
286,30,4.0,$$,Italian,Thursday,Lunch,True,25.0
287,16,4.0,$$,Mexican,Friday,Lunch,False,33.0
288,11,5.0,$$,Chinese,Sunday,Dinner,False,16.0
289,22,3.0,$$,Italian,Monday,Dinner,False,
290,29,5.0,$,American,Wednesday,Breakfast,False,11.0
291,25,1.0,$,Mexican,Tuesday,Dinner,True,15.0
292,14,5.0,$$$,Chinese,Tuesday,Dinner,False,38.0
293,14,5.0,$$,Mexican,Tuesday,Lunch,False,30.0
294,2,3.0,$$$,Japanese,Saturday,Dinner,False,
295,13,4.0,$$,Japanese,Tuesday,Dinner,False,17.0
296,3,4.0,$$$,Chinese,Wednesday,Breakfast,False,40.0
297,30,5.0,$$,Chinese,Sunday,Dinner,True,17.0
298,18,4.0,$,Indian,Sunday,Lunch,False,19.0
299,36,5.0,$$$$,Mexican,Sunday,Lunch,True,52.0
300,21,5.0,$$,Japanese,Saturday,Dinner,False,16.0
301,19,5.0,$$$,Japanese,Friday,Lunch,False,40.0
302,16,5.0,$$$,Mexican,Tuesday,Breakfast,False,24.0
303,28,4.0,$$,Japanese,Sunday,Breakfast,False,14.0
304,4,5.0,$$$,Italian,Tuesday,Breakfast,True,10.0
305,15,3.0,$$$$,Japanese,Saturday,Lunch,False,26.0
306,1,3.0,$$,Japanese,Tuesday,Dinner,True,13.0
307,48,4.0,$$$,American,Friday,Lunch,True,
308,47,5.0,$$$,Italian,Saturday,Dinner,False,5.0
309,16,5.0,$,Indian,Saturday,Dinner,True,28.0
310,20,2.0,$$,Chinese,Monday,Lunch,True,9.0
311,33,5.0,$,Japanese,Saturday,Dinner,False,24.0
312,17,5.0,$$$,Indian,Tuesday,Dinner,False,11.0
313,5,4.0,$$$,Indian,Saturday,Lunch,True,
314,5,5.0,$$$,Italian,Tuesday,Lunch,False,5.0
315,39,3.0,$,Chinese,Tuesday,Dinner,False,22.0
316,13,3.0,$$,American,Sunday,Dinner,False,
317,44,5.0,$$$,Indian,Saturday,Lunch,False,28.0
318,36,4.0,$$,American,Monday,Lunch,False,12.0
319,30,3.0,$$$,Chinese,Tuesday,Lunch,False,7.0
320,4,,$$$,Chinese,Sunday,Breakfast,False,32.0
321,23,5.0,$,Italian,Monday,Dinner,True,23.0
322,21,4.0,$,Mexican,Monday,Lunch,False,14.0
323,21,4.0,$$,Japanese,Saturday,Breakfast,False,33.0
324,6,,$$$,Italian,Thursday,Lunch,False,19.0
325,24,5.0,$$$$,American,Sunday,Breakfast,True,18.0
326,47,,$$$,Italian,Thursday,Lunch,False,16.0
327,31,3.0,$$,Chinese,Tuesday,Breakfast,False,17.0
328,19,4.0,$,Indian,Wednesday,Breakfast,False,17.0
329,38,4.0,$$$,Japanese,Thursday,Dinner,False,28.0
330,12,4.0,$,Japanese,Sunday,Dinner,False,40.0
331,14,3.0,$$$,Mexican,Saturday,Lunch,True,11.0
332,12,1.0,$,Chinese,Sunday,Dinner,False,21.0
333,15,1.0,$,Japanese,Saturday,Lunch,False,23.0
334,19,3.0,$$,Japanese,Thursday,Lunch,True,29.0
335,28,4.0,$$,Indian,Wednesday,Lunch,False,34.0
336,40,4.0,$$$,American,Friday,Lunch,False,23.0
337,41,4.0,$,American,Tuesday,Dinner,False,18.0
338,5,4.0,$$$$,American,Sunday,Breakfast,False,30.0
339,5,3.0,$$,Italian,Friday,Breakfast,True,8.0
340,6,4.0,$$,American,Friday,Dinner,True,5.0
341,23,2.0,$$,American,Monday,Dinner,True,50.0
342,3,2.0,$$,Italian,Monday,Lunch,False,16.0
343,37,3.0,$,Indian,Tuesday,Lunch,False,20.0
344,33,5.0,$$$$,Chinese,Wednesday,Lunch,False,30.0
345,43,4.0,$$,Japanese,Monday,Lunch,False,28.0
346,21,5.0,$,Mexican,Sunday,Lunch,True,33.0
347,20,4.0,$$,Japanese,Sunday,Lunch,True,34.0
348,1,4.0,$$,American,Thursday,Dinner,False,
349,39,5.0,$,American,Sunday,Dinner,True,37.0
350,47,2.0,$$$$,Japanese,Tuesday,Dinner,True,30.0
351,17,3.0,$,Japanese,Saturday,Lunch,False,28.0
352,29,5.0,$$,American,Friday,Lunch,False,29.0
353,8,4.0,$$$$,Italian,Sunday,Lunch,False,5.0
354,26,1.0,$,Italian,Tuesday,Dinner,False,22.0
355,28,1.0,$$,Italian,Saturday,Lunch,False,15.0
356,34,5.0,$,Mexican,Saturday,Dinner,False,13.0
357,26,5.0,$,Chinese,Monday,Dinner,True,20.0
358,13,4.0,$,American,Saturday,Dinner,False,33.0
359,44,3.0,$$$,Indian,Wednesday,Dinner,True,27.0
360,37,,$$$,Japanese,Saturday,Dinner,True,29.0
361,13,4.0,$$$,Japanese,Saturday,Dinner,True,20.0
362,38,4.0,$$,American,Friday,Dinner,False,28.0
363,25,5.0,$$$,American,Wednesday,Lunch,False,23.0
364,47,,$$,American,Tuesday,Breakfast,False,34.0
365,23,4.0,$$,Japanese,Wednesday,Dinner,False,31.0
366,22,5.0,$$,American,Wednesday,Dinner,False,26.0
367,21,,$,Japanese,Tuesday,Lunch,False,
368,30,4.0,$$$$,Chinese,Friday,Lunch,False,27.0
369,11,3.0,$$$,Indian,Sunday,Dinner,False,27.0
370,4,3.0,$$$,Italian,Saturday,Dinner,False,26.0
371,33,4.0,$$$,Indian,Wednesday,Lunch,False,20.0
372,47,4.0,$$$,American,Wednesday,Dinner,False,18.0
373,12,4.0,$,Indian,Sunday,Dinner,True,28.0
374,9,2.0,$$,American,Tuesday,Dinner,False,16.0
375,32,3.0,$$$,Indian,Thursday,Lunch,False,22.0
376,11,4.0,$,Mexican,Sunday,Lunch,False,30.0
377,37,4.0,$$$$,Indian,Wednesday,Lunch,False,29.0
378,24,4.0,$$,Italian,Monday,Lunch,False,13.0
379,7,4.0,$$,Italian,Saturday,Breakfast,False,27.0
380,8,5.0,$$,Indian,Saturday,Dinner,False,45.0
381,33,5.0,$$$,Japanese,Sunday,Lunch,False,
382,25,4.0,$$,Japanese,Friday,Dinner,False,22.0
383,1,2.0,$$$,Japanese,Sunday,Dinner,False,38.0
384,3,4.0,$$,Indian,Wednesday,Breakfast,True,46.0
385,40,4.0,$$$,Japanese,Tuesday,Dinner,False,33.0
386,28,2.0,$,Chinese,Monday,Dinner,True,7.0
387,43,5.0,$,Indian,Sunday,Dinner,False,31.0
388,33,4.0,$,Italian,Tuesday,Lunch,True,38.0
389,46,4.0,$$,Japanese,Sunday,Dinner,False,5.0
390,1,4.0,$$,Mexican,Wednesday,Lunch,True,34.0
391,38,2.0,$$$,Japanese,Monday,Dinner,True,22.0
392,27,2.0,$$,Italian,Friday,Breakfast,False,38.0
393,38,4.0,$,Chinese,Friday,Dinner,False,24.0
394,35,3.0,$,Indian,Sunday,Lunch,True,28.0
395,10,3.0,$,Japanese,Friday,Breakfast,False,28.0
396,12,5.0,$$,Mexican,Thursday,Dinner,False,32.0
397,10,4.0,$,Italian,Tuesday,Dinner,True,29.0
398,34,1.0,$$,Mexican,Wednesday,Lunch,False,16.0
399,24,4.0,$$,American,Monday,Breakfast,False,22.0
400,28,4.0,$$,Italian,Sunday,Dinner,False,24.0
401,22,4.0,$$$,American,Sunday,Dinner,False,37.0
402,45,1.0,$$,Mexican,Saturday,Breakfast,False,29.0
403,16,4.0,$,Indian,Saturday,Dinner,True,18.0
404,13,2.0,$$,Indian,Tuesday,Lunch,False,15.0
405,36,4.0,$,Indian,Wednesday,Breakfast,True,31.0
406,36,4.0,$,American,Thursday,Dinner,False,20.0
407,43,1.0,$$$,Indian,Wednesday,Dinner,True,32.0
408,23,3.0,$,Chinese,Tuesday,Dinner,False,24.0
409,14,4.0,$$$$,Italian,Wednesday,Lunch,False,39.0
410,32,4.0,$,Italian,Saturday,Dinner,False,17.0
411,3,3.0,$$$,Mexican,Saturday,Lunch,False,39.0
412,27,3.0,$$$,Japanese,Monday,Dinner,False,34.0
413,19,5.0,$$,American,Thursday,Breakfast,False,20.0
414,22,1.0,$$,Italian,Saturday,Lunch,False,16.0
415,1,5.0,$$,American,Monday,Dinner,True,44.0
416,5,1.0,$$$$,Mexican,Thursday,Lunch,True,15.0
417,49,3.0,$$,Indian,Saturday,Dinner,False,28.0
418,33,4.0,$,Japanese,Thursday,Dinner,False,28.0
419,19,2.0,$$,Mexican,Wednesday,Breakfast,True,25.0
420,36,2.0,$,Chinese,Monday,Dinner,True,32.0
421,6,3.0,$$$$,Indian,Thursday,Lunch,True,15.0
422,15,5.0,$$$,Indian,Sunday,Lunch,False,44.0
423,36,4.0,$,Indian,Thursday,Dinner,False,16.0
424,33,4.0,$$,Mexican,Wednesday,Dinner,False,23.0
425,24,5.0,$,Chinese,Saturday,Lunch,True,10.0
426,27,5.0,$$$,Japanese,Saturday,Dinner,True,35.0
427,49,5.0,$$$$,American,Sunday,Lunch,False,43.0
428,11,4.0,$,Mexican,Tuesday,Dinner,False,45.0
429,49,2.0,$$,Italian,Tuesday,Dinner,False,36.0
430,23,3.0,$$$$,Italian,Saturday,Lunch,True,21.0
431,33,3.0,$,Mexican,Sunday,Dinner,False,25.0
432,41,2.0,$$,American,Friday,Lunch,False,21.0
433,46,1.0,$$,Italian,Friday,Lunch,False,12.0
434,47,5.0,$,American,Sunday,Dinner,False,22.0
435,29,,$,Indian,Thursday,Dinner,True,34.0
436,31,2.0,$$$$,Mexican,Saturday,Lunch,False,16.0
437,1,3.0,$$,Indian,Tuesday,Dinner,False,5.0
438,34,2.0,$$,Italian,Thursday,Lunch,False,12.0
439,18,3.0,$$,American,Monday,Lunch,False,33.0
440,18,3.0,$$$,Indian,Sunday,Dinner,True,7.0
441,6,5.0,$$,Italian,Sunday,Dinner,False,20.0
442,40,2.0,$,Chinese,Tuesday,Dinner,False,21.0
443,1,3.0,$,Indian,Tuesday,Lunch,False,27.0
444,47,2.0,$$$,Chinese,Tuesday,Dinner,True,27.0
445,42,5.0,$,Chinese,Sunday,Dinner,True,29.0
446,30,5.0,$,Japanese,Friday,Lunch,True,23.0
447,4,5.0,$$,Italian,Wednesday,Lunch,True,15.0
448,32,4.0,$,Mexican,Wednesday,Dinner,False,34.0
449,10,3.0,$$$$,American,Sunday,Lunch,True,7.0
450,43,3.0,$$$,Italian,Friday,Lunch,False,32.0
451,5,4.0,$,Japanese,Saturday,Dinner,True,
452,9,,$,Japanese,Saturday,Dinner,False,48.0
453,5,3.0,$$,Indian,Sunday,Dinner,False,17.0
454,11,4.0,$$,American,Sunday,Dinner,False,19.0
455,35,4.0,$$$,Japanese,Friday,Dinner,False,25.0
456,27,3.0,$$,Mexican,Friday,Dinner,False,24.0
457,4,4.0,$$,Italian,Saturday,Breakfast,False,33.0
458,10,4.0,$$$$,Mexican,Wednesday,Lunch,False,30.0
459,39,1.0,$$,Indian,Thursday,Breakfast,False,21.0
460,33,4.0,$$,Italian,Friday,Breakfast,False,24.0
461,38,5.0,$$$,Indian,Thursday,Lunch,True,34.0
462,8,3.0,$$$,American,Thursday,Lunch,False,12.0
463,49,4.0,$$$,American,Monday,Lunch,True,22.0
464,24,2.0,$$$,Mexican,Wednesday,Breakfast,False,30.0
465,39,4.0,$$,Mexican,Sunday,Dinner,False,14.0
466,33,5.0,$$,American,Thursday,Lunch,False,5.0
467,41,,$,Chinese,Sunday,Dinner,False,
468,43,3.0,$$$,American,Sunday,Breakfast,False,
469,19,5.0,$,Italian,Wednesday,Dinner,False,12.0
470,2,5.0,$,Indian,Wednesday,Dinner,False,34.0
471,11,4.0,$$$$,American,Monday,Dinner,False,22.0
472,35,4.0,$$,American,Sunday,Dinner,False,14.0
473,17,3.0,$,Japanese,Saturday,Dinner,False,28.0
474,42,5.0,$$,Indian,Wednesday,Lunch,True,25.0
475,3,4.0,$$,Japanese,Thursday,Dinner,False,18.0
476,22,4.0,$$,Indian,Saturday,Dinner,False,17.0
477,35,2.0,$,Italian,Saturday,Dinner,False,14.0
478,21,4.0,$,Indian,Tuesday,Lunch,False,32.0
479,25,5.0,$$,Mexican,Thursday,Dinner,False,12.0
480,39,5.0,$$,American,Thursday,Dinner,False,17.0
481,2,2.0,$,Indian,Wednesday,Dinner,False,26.0
482,1,4.0,$$,Italian,Thursday,Dinner,True,39.0
483,7,4.0,$$,Indian,Sunday,Breakfast,True,26.0
484,20,5.0,$,American,Tuesday,Lunch,True,30.0
485,43,5.0,$$$$,Chinese,Wednesday,Lunch,True,26.0
486,6,5.0,$$$$,Indian,Friday,Lunch,True,34.0
487,36,5.0,$,Mexican,Thursday,Lunch,True,44.0
488,21,3.0,$,American,Thursday,Breakfast,True,20.0
489,46,5.0,$$,Italian,Monday,Lunch,False,25.0
490,35,4.0,$$$,American,Friday,Lunch,True,26.0
491,36,,$$$$,Japanese,Friday,Breakfast,False,30.0
492,8,3.0,$$,Chinese,Sunday,Dinner,False,26.0
493,4,2.0,$$$,Italian,Tuesday,Dinner,False,19.0
494,43,5.0,$$$$,Chinese,Sunday,Dinner,False,24.0
495,16,4.0,$$,Chinese,Friday,Lunch,False,49.0
496,3,5.0,$,Mexican,Sunday,Dinner,False,28.0
497,7,4.0,$$,Indian,Sunday,Dinner,True,5.0
498,2,5.0,$,Mexican,Monday,Dinner,False,21.0
499,1,3.0,$,Mexican,Tuesday,Dinner,False,25.0
500,1,4.0,$$$,Japanese,Sunday,Dinner,False,23.0
501,38,4.0,$,Mexican,Sunday,Dinner,False,24.0
502,7,,$,Italian,Friday,Lunch,False,27.0
503,24,5.0,$$$$,Indian,Tuesday,Breakfast,True,30.0
504,5,4.0,$$,Indian,Friday,Dinner,True,27.0
505,21,1.0,$,Italian,Friday,Breakfast,False,34.0
506,28,5.0,$$,Mexican,Sunday,Breakfast,False,10.0
507,18,2.0,$,Mexican,Saturday,Dinner,True,22.0
508,24,4.0,$,Chinese,Friday,Lunch,False,
509,32,4.0,$$$,Chinese,Sunday,Dinner,True,27.0
510,45,1.0,$,Japanese,Thursday,Dinner,False,18.0
511,33,5.0,$$,American,Friday,Lunch,False,19.0
512,10,5.0,$,Chinese,Thursday,Lunch,False,16.0
513,9,5.0,$$$$,Indian,Wednesday,Breakfast,True,34.0
514,49,3.0,$$$,Italian,Saturday,Breakfast,False,6.0
515,33,3.0,$$$$,Mexican,Monday,Breakfast,False,12.0
516,33,3.0,$$,American,Tuesday,Breakfast,True,29.0
517,7,5.0,$$$,Chinese,Tuesday,Lunch,True,30.0
518,4,2.0,$$$$,American,Wednesday,Lunch,False,9.0
519,28,4.0,$$$,Italian,Friday,Dinner,False,31.0
520,23,5.0,$,Italian,Monday,Dinner,True,26.0
521,32,5.0,$,American,Wednesday,Dinner,False,30.0
522,44,5.0,$,American,Wednesday,Dinner,False,25.0
523,16,5.0,$,Japanese,Tuesday,Breakfast,True,29.0
524,46,,$$$,American,Thursday,Dinner,False,29.0
525,10,4.0,$$,Mexican,Thursday,Lunch,True,
526,14,1.0,$$,Indian,Friday,Breakfast,True,27.0
527,39,3.0,$$,Chinese,Friday,Dinner,True,24.0
528,36,4.0,$,Chinese,Sunday,Lunch,False,24.0
529,34,3.0,$,Chinese,Sunday,Lunch,False,27.0
530,24,5.0,$$,American,Wednesday,Dinner,True,33.0
531,18,1.0,$$$,American,Friday,Dinner,False,44.0
532,16,3.0,$$,Japanese,Thursday,Lunch,False,30.0
533,41,5.0,$$$,American,Monday,Lunch,True,28.0
534,37,3.0,$$,Japanese,Tuesday,Dinner,False,37.0
535,41,5.0,$$$$,Japanese,Thursday,Dinner,False,28.0
536,25,5.0,$,Mexican,Sunday,Breakfast,False,14.0
537,8,5.0,$$,Mexican,Saturday,Dinner,False,17.0
538,24,4.0,$,Mexican,Friday,Dinner,False,43.0
539,20,5.0,$$,Mexican,Tuesday,Lunch,False,17.0
540,48,2.0,$$,Italian,Saturday,Dinner,True,30.0
541,30,5.0,$$$,Mexican,Tuesday,Dinner,False,15.0
542,20,1.0,$,Mexican,Wednesday,Lunch,False,37.0
543,18,3.0,$,Mexican,Friday,Dinner,True,20.0
544,4,5.0,$$$,Japanese,Wednesday,Lunch,False,25.0
545,48,4.0,$$,Chinese,Tuesday,Dinner,False,22.0
546,36,5.0,$$,Chinese,Wednesday,Dinner,False,30.0
547,6,4.0,$$$,Chinese,Friday,Lunch,True,26.0
548,3,5.0,$$,Indian,Thursday,Dinner,False,34.0
549,18,5.0,$$$,Italian,Monday,Dinner,False,31.0
550,47,4.0,$$$,Japanese,Saturday,Lunch,True,27.0
551,40,4.0,$$$,American,Thursday,Lunch,True,31.0
552,18,4.0,$$$,Japanese,Tuesday,Breakfast,False,32.0
553,23,5.0,$,Mexican,Thursday,Dinner,True,21.0
554,35,3.0,$$,Chinese,Wednesday,Dinner,True,20.0
555,6,4.0,$$$$,Japanese,Friday,Dinner,False,40.0
556,26,,$,Italian,Thursday,Lunch,False,32.0
557,21,3.0,$$,Mexican,Thursday,Dinner,False,29.0
558,24,2.0,$$$,Indian,Friday,Lunch,False,16.0
559,15,4.0,$$,American,Wednesday,Lunch,False,7.0
560,27,5.0,$$,Mexican,Monday,Lunch,False,22.0
561,32,4.0,$,American,Thursday,Lunch,True,20.0
562,12,4.0,$$,Japanese,Saturday,Dinner,False,21.0
563,5,4.0,$,Mexican,Tuesday,Dinner,False,33.0
564,7,4.0,$$$$,Indian,Sunday,Dinner,False,40.0
565,22,5.0,$$$,Japanese,Wednesday,Dinner,False,36.0
566,27,4.0,$$$,Italian,Wednesday,Breakfast,True,18.0
567,15,2.0,$$,American,Thursday,Dinner,False,30.0
568,39,2.0,$,American,Saturday,Dinner,False,20.0
569,45,5.0,$$,Italian,Sunday,Dinner,False,6.0
570,35,5.0,$$,American,Friday,Lunch,False,24.0
571,26,3.0,$$,Japanese,Sunday,Dinner,True,37.0
572,23,2.0,$$,Chinese,Thursday,Dinner,True,21.0
573,13,4.0,$$,Italian,Thursday,Lunch,True,33.0
574,26,5.0,$$,Indian,Friday,Dinner,False,18.0
575,3,4.0,$$$$,Mexican,Tuesday,Dinner,True,31.0
576,29,5.0,$$,Mexican,Friday,Lunch,False,22.0
577,2,5.0,$$$,Italian,Thursday,Breakfast,False,40.0
578,28,5.0,$,Chinese,Monday,Dinner,False,21.0
579,23,4.0,$$,Japanese,Friday,Lunch,True,19.0
580,36,4.0,$,Indian,Tuesday,Dinner,False,39.0
581,49,5.0,$$,Mexican,Friday,Dinner,False,19.0
582,6,4.0,$$,Mexican,Friday,Lunch,False,27.0
583,11,3.0,$,Japanese,Wednesday,Dinner,False,19.0
584,38,3.0,$$$,Chinese,Wednesday,Dinner,True,34.0
585,34,4.0,$,American,Thursday,Dinner,True,37.0
586,17,4.0,$$,Italian,Thursday,Dinner,False,18.0
587,3,4.0,$$,Chinese,Sunday,Dinner,False,30.0
588,44,2.0,$$,Chinese,Friday,Breakfast,True,31.0
589,46,4.0,$$$,Chinese,Monday,Lunch,False,26.0
590,34,3.0,$$,Chinese,Saturday,Breakfast,False,40.0
591,22,5.0,$$,American,Thursday,Lunch,False,40.0
592,29,4.0,$,Japanese,Friday,Dinner,True,16.0
593,29,5.0,$$$,Indian,Friday,Lunch,False,37.0
594,5,5.0,$$,Chinese,Saturday,Dinner,True,30.0
595,10,5.0,$$$$,Chinese,Friday,Lunch,True,27.0
596,10,5.0,$$,Italian,Saturday,Lunch,False,22.0
597,9,4.0,$$$,Mexican,Saturday,Dinner,True,10.0
598,21,2.0,$$$$,American,Sunday,Lunch,False,27.0
599,13,5.0,$$$,Chinese,Friday,Dinner,True,28.0
600,10,4.0,$$,Indian,Sunday,Lunch,False,44.0
601,38,4.0,$$,Indian,Friday,Dinner,False,18.0
602,11,4.0,$$,Indian,Wednesday,Dinner,False,8.0
603,4,5.0,$$,Italian,Saturday,Dinner,False,13.0
604,46,3.0,$,Indian,Tuesday,Breakfast,False,40.0
605,31,4.0,$$$,Japanese,Saturday,Lunch,False,20.0
606,49,5.0,$,Italian,Tuesday,Dinner,False,38.0
607,34,5.0,$,American,Friday,Dinner,True,25.0
608,42,1.0,$$$,Indian,Thursday,Breakfast,False,15.0
609,35,5.0,$,Mexican,Monday,Lunch,False,45.0
610,39,,$$$,Chinese,Sunday,Lunch,False,38.0
611,39,5.0,$$$$,American,Friday,Lunch,True,23.0
612,33,4.0,$$$$,Japanese,Monday,Dinner,True,34.0
613,8,4.0,$$$,Mexican,Wednesday,Lunch,False,26.0
614,32,5.0,$$,American,Tuesday,Lunch,False,29.0
615,33,,$$,Japanese,Sunday,Dinner,False,42.0
616,8,3.0,$$,Indian,Wednesday,Lunch,True,9.0
617,46,5.0,$,American,Thursday,Dinner,True,21.0
618,14,3.0,$$,American,Thursday,Dinner,False,25.0
619,34,5.0,$$$,American,Saturday,Breakfast,False,28.0
620,8,4.0,$,Italian,Sunday,Dinner,True,12.0
621,42,2.0,$$,Mexican,Sunday,Lunch,True,34.0
622,7,5.0,$$$,Japanese,Sunday,Lunch,False,13.0
623,13,4.0,$,Indian,Friday,Breakfast,False,12.0
624,21,2.0,$,Chinese,Saturday,Breakfast,False,22.0
625,47,4.0,$,Indian,Thursday,Lunch,False,43.0
626,32,5.0,$$$,Indian,Thursday,Lunch,False,50.0
627,11,4.0,$$$,Italian,Saturday,Dinner,True,29.0
628,14,4.0,$$$,Italian,Wednesday,Dinner,False,22.0
629,11,4.0,$,American,Monday,Dinner,False,26.0
630,2,1.0,$$$,Indian,Tuesday,Dinner,False,28.0
631,34,2.0,$$,Mexican,Thursday,Lunch,False,39.0
632,44,5.0,$$,Italian,Saturday,Lunch,False,12.0
633,47,5.0,$$,Japanese,Thursday,Lunch,False,36.0
634,17,3.0,$$,Italian,Wednesday,Lunch,False,10.0
635,14,4.0,$$,Mexican,Sunday,Dinner,False,20.0
636,25,5.0,$$$,Italian,Sunday,Dinner,True,24.0
637,48,3.0,$,Mexican,Tuesday,Lunch,False,29.0
638,27,3.0,$$,Chinese,Sunday,Breakfast,False,24.0
639,8,5.0,$$,Mexican,Sunday,Breakfast,True,26.0
640,17,5.0,$$,Chinese,Wednesday,Lunch,True,25.0
641,5,3.0,$$,Japanese,Monday,Breakfast,False,9.0
642,12,4.0,$$$$,American,Wednesday,Dinner,False,30.0
643,38,2.0,$$$,American,Tuesday,Breakfast,True,33.0
644,18,4.0,$$$,Italian,Sunday,Dinner,False,38.0
645,26,5.0,$$$,Mexican,Tuesday,Lunch,False,43.0
646,31,4.0,$,Italian,Thursday,Breakfast,False,29.0
647,37,4.0,$$$,Mexican,Monday,Dinner,True,39.0
648,6,4.0,$$,Italian,Friday,Dinner,False,25.0
649,41,3.0,$$,American,Thursday,Lunch,True,10.0
650,15,1.0,$,Japanese,Sunday,Dinner,False,34.0
651,42,5.0,$,American,Saturday,Breakfast,False,32.0
652,49,4.0,$,Italian,Wednesday,Lunch,False,25.0
653,26,3.0,$,Mexican,Wednesday,Dinner,False,24.0
654,12,4.0,$,Indian,Tuesday,Dinner,True,29.0
655,41,5.0,$$$,Japanese,Saturday,Lunch,False,21.0
656,47,4.0,$,Mexican,Tuesday,Breakfast,False,29.0
657,14,4.0,$$,Italian,Saturday,Dinner,False,15.0
658,1,3.0,$$$,Mexican,Tuesday,Lunch,False,16.0
659,17,3.0,$,Chinese,Friday,Lunch,True,11.0
660,33,,$$$,Mexican,Friday,Dinner,True,47.0
661,29,4.0,$$$,American,Thursday,Dinner,True,25.0
662,45,5.0,$$,American,Friday,Breakfast,False,37.0
663,31,5.0,$,Chinese,Saturday,Dinner,True,14.0
664,8,5.0,$,Japanese,Tuesday,Dinner,True,23.0
665,30,,$$,Mexican,Saturday,Lunch,False,30.0
666,13,,$,Japanese,Thursday,Dinner,True,39.0
667,16,,$$,Indian,Thursday,Dinner,True,18.0
668,2,1.0,$,Mexican,Sunday,Lunch,False,20.0
669,45,5.0,$$,American,Monday,Breakfast,True,17.0
670,18,,$,American,Friday,Dinner,False,23.0
671,35,5.0,$$$,Japanese,Wednesday,Dinner,False,14.0
672,45,3.0,$,Italian,Wednesday,Lunch,True,10.0
673,19,2.0,$$$,American,Monday,Dinner,False,27.0
674,13,4.0,$,Italian,Tuesday,Dinner,False,31.0
675,4,5.0,$$$,American,Monday,Dinner,False,13.0
676,19,4.0,$$,American,Tuesday,Dinner,False,18.0
677,25,1.0,$$,Indian,Friday,Lunch,False,24.0
678,38,3.0,$,Italian,Friday,Lunch,True,42.0
679,31,5.0,$$,Italian,Thursday,Dinner,False,5.0
680,36,5.0,$,American,Thursday,Lunch,False,29.0
681,4,5.0,$$,Italian,Thursday,Dinner,False,31.0
682,39,5.0,$,American,Thursday,Lunch,False,17.0
683,7,4.0,$$,American,Wednesday,Lunch,True,21.0
684,16,2.0,$,Japanese,Sunday,Lunch,False,28.0
685,48,4.0,$,Mexican,Thursday,Dinner,False,24.0
686,5,4.0,$$,Italian,Thursday,Dinner,False,41.0
687,47,5.0,$$$$,Chinese,Thursday,Lunch,True,26.0
688,23,3.0,$$,Japanese,Tuesday,Lunch,False,33.0
689,36,2.0,$$$,Italian,Saturday,Lunch,False,29.0
690,32,4.0,$$,Italian,Thursday,Dinner,True,31.0
691,24,3.0,$$,Indian,Monday,Lunch,True,17.0
692,25,4.0,$,Chinese,Thursday,Dinner,True,27.0
693,45,3.0,$,Chinese,Thursday,Dinner,False,24.0
694,28,3.0,$$$$,Indian,Wednesday,Lunch,False,17.0
695,19,4.0,$$,Indian,Saturday,Dinner,False,34.0
696,7,4.0,$$$,Italian,Thursday,Breakfast,True,5.0
697,44,4.0,$$,Mexican,Saturday,Dinner,False,38.0
698,41,3.0,$$,Indian,Tuesday,Lunch,False,5.0
699,17,,$$,Chinese,Friday,Breakfast,False,23.0
700,2,2.0,$$,Chinese,Saturday,Dinner,True,34.0
701,16,1.0,$,Italian,Saturday,Lunch,True,13.0
702,39,4.0,$$,Mexican,Thursday,Dinner,False,29.0
703,18,,$$,American,Sunday,Dinner,False,28.0
704,39,4.0,$$$$,Indian,Thursday,Dinner,False,28.0
705,1,5.0,$$,Indian,Thursday,Lunch,True,21.0
706,3,5.0,$$$,Italian,Wednesday,Dinner,False,20.0
707,21,4.0,$,Japanese,Sunday,Dinner,True,9.0
708,30,4.0,$,Japanese,Friday,Lunch,False,23.0
709,11,3.0,$$$$,Mexican,Wednesday,Dinner,False,34.0
710,22,4.0,$$$,Chinese,Wednesday,Dinner,False,20.0
711,47,4.0,$$,Chinese,Wednesday,Lunch,False,20.0
712,25,5.0,$$,American,Sunday,Dinner,False,40.0
713,3,3.0,$,Chinese,Tuesday,Breakfast,False,23.0
714,30,4.0,$$$,Japanese,Friday,Lunch,False,28.0
715,24,5.0,$,Japanese,Tuesday,Lunch,False,30.0
716,45,5.0,$$$,Indian,Tuesday,Dinner,True,23.0
717,36,5.0,$$,American,Friday,Breakfast,False,31.0
718,23,4.0,$$,Mexican,Tuesday,Dinner,True,34.0
719,8,4.0,$$$$,American,Sunday,Dinner,True,34.0
720,4,5.0,$$$$,Mexican,Friday,Dinner,False,35.0
721,39,3.0,$$,Japanese,Saturday,Lunch,False,5.0
722,43,3.0,$$$,Chinese,Saturday,Dinner,False,13.0
723,31,5.0,$$$,Italian,Thursday,Dinner,False,19.0
724,29,4.0,$$$,American,Wednesday,Lunch,False,17.0
725,36,5.0,$$$$,American,Saturday,Dinner,False,17.0
726,13,5.0,$$,Indian,Saturday,Dinner,False,33.0
727,41,5.0,$$$,Indian,Tuesday,Dinner,False,26.0
728,9,2.0,$$$,Japanese,Friday,Lunch,True,23.0
729,21,5.0,$$,Mexican,Monday,Lunch,True,22.0
730,3,5.0,$$,Italian,Tuesday,Breakfast,False,20.0
731,25,5.0,$$,Indian,Tuesday,Lunch,False,22.0
732,25,4.0,$$$,Indian,Sunday,Dinner,True,
733,12,3.0,$$$,Chinese,Friday,Dinner,False,7.0
734,29,5.0,$$,Chinese,Monday,Dinner,False,37.0
735,11,4.0,$$,Japanese,Monday,Dinner,False,47.0
736,11,4.0,$,Japanese,Thursday,Dinner,False,37.0
737,49,4.0,$,Indian,Tuesday,Lunch,False,15.0
738,26,4.0,$$,Mexican,Sunday,Dinner,False,20.0
739,14,5.0,$$,Italian,Wednesday,Breakfast,False,35.0
740,16,4.0,$$$,Indian,Saturday,Lunch,False,22.0
741,10,5.0,$$,Mexican,Tuesday,Dinner,False,19.0
742,31,1.0,$$$$,Mexican,Wednesday,Lunch,False,23.0
743,31,4.0,$,Indian,Wednesday,Breakfast,True,13.0
744,36,4.0,$$$$,Mexican,Friday,Dinner,True,23.0
745,10,5.0,$$,American,Tuesday,Lunch,False,12.0
746,26,4.0,$$$,Mexican,Friday,Breakfast,False,32.0
747,20,,$$,Indian,Thursday,Breakfast,False,16.0
748,44,5.0,$$,Mexican,Wednesday,Lunch,False,25.0
749,9,5.0,$,Indian,Monday,Lunch,True,20.0
750,15,4.0,$,Chinese,Wednesday,Dinner,True,28.0
751,9,4.0,$$$,Indian,Thursday,Lunch,False,33.0
752,7,4.0,$$,Mexican,Wednesday,Dinner,True,27.0
753,26,4.0,$$$$,Indian,Friday,Lunch,False,17.0
754,24,2.0,$$,Italian,Tuesday,Lunch,False,19.0
755,12,5.0,$$$$,Indian,Monday,Dinner,False,48.0
756,20,,$,Indian,Friday,Dinner,False,34.0
757,14,4.0,$,Italian,Saturday,Dinner,False,23.0
758,22,4.0,$$,Italian,Tuesday,Dinner,False,
759,16,5.0,$$$$,Italian,Monday,Lunch,False,10.0
760,29,3.0,$$,Japanese,Thursday,Lunch,False,36.0
761,32,5.0,$,American,Wednesday,Dinner,False,17.0
762,19,2.0,$,Japanese,Monday,Breakfast,True,35.0
763,35,4.0,$$,Indian,Sunday,Breakfast,False,33.0
764,43,5.0,$$,Japanese,Saturday,Lunch,False,38.0
765,32,4.0,$$,Japanese,Thursday,Dinner,True,
766,20,4.0,$$$,Italian,Tuesday,Lunch,True,22.0
767,40,5.0,$$$,Italian,Sunday,Lunch,True,25.0
768,20,5.0,$$$$,Chinese,Monday,Lunch,False,
769,8,5.0,$$,Japanese,Thursday,Dinner,False,22.0
770,35,4.0,$$,American,Tuesday,Lunch,True,8.0
771,42,4.0,$$$$,Indian,Sunday,Lunch,False,5.0
772,13,5.0,$$,Mexican,Sunday,Dinner,False,32.0
773,41,5.0,$$,American,Friday,Dinner,False,23.0
774,6,5.0,$$$,American,Wednesday,Dinner,False,34.0
775,47,5.0,$,Chinese,Thursday,Dinner,True,21.0
776,16,2.0,$$,Indian,Sunday,Lunch,False,24.0
777,5,5.0,$,Indian,Friday,Lunch,False,34.0
778,45,5.0,$,Italian,Saturday,Lunch,False,40.0
779,34,5.0,$,Italian,Saturday,Dinner,False,21.0
780,6,3.0,$,American,Tuesday,Lunch,False,14.0
781,33,5.0,$$,Chinese,Sunday,Dinner,True,37.0
782,15,2.0,$$$,Indian,Sunday,Dinner,False,22.0
783,15,3.0,$$,Chinese,Monday,Breakfast,False,20.0
784,14,5.0,$$$,Mexican,Sunday,Breakfast,True,21.0
785,39,5.0,$$,Indian,Wednesday,Breakfast,True,17.0
786,5,4.0,$$$,Italian,Tuesday,Lunch,False,32.0
787,26,,$$$$,American,Thursday,Breakfast,False,11.0
788,48,4.0,$$$,Chinese,Sunday,Dinner,True,26.0
789,17,1.0,$$$,Italian,Wednesday,Breakfast,False,27.0
790,43,3.0,$,American,Sunday,Lunch,False,19.0
791,47,5.0,$$,Italian,Friday,Lunch,False,40.0
792,16,3.0,$$,Indian,Wednesday,Dinner,True,33.0
793,35,2.0,$$,Chinese,Friday,Dinner,False,20.0
794,38,5.0,$$,Mexican,Tuesday,Dinner,True,23.0
795,23,4.0,$,Japanese,Sunday,Dinner,False,33.0
796,13,5.0,$,Italian,Monday,Lunch,False,25.0
797,33,5.0,$$$$,Japanese,Saturday,Lunch,False,39.0
798,29,5.0,$$$,Chinese,Wednesday,Lunch,False,30.0
799,46,4.0,$$,Indian,Monday,Lunch,True,27.0
800,34,4.0,$$,Italian,Monday,Dinner,False,27.0
801,34,5.0,$$$,Indian,Saturday,Breakfast,True,56.0
802,27,4.0,$$,Mexican,Wednesday,Breakfast,False,14.0
803,15,1.0,$$,Mexican,Sunday,Dinner,True,14.0
804,9,4.0,$,American,Wednesday,Dinner,False,22.0
805,26,1.0,$,American,Monday,Dinner,False,39.0
806,3,5.0,$$,American,Thursday,Lunch,False,5.0
807,36,5.0,$$$,Indian,Thursday,Dinner,True,5.0
808,47,3.0,$,American,Wednesday,Dinner,False,21.0
809,5,3.0,$$,Chinese,Monday,Breakfast,True,46.0
810,20,5.0,$$$,Japanese,Monday,Dinner,False,25.0
811,20,4.0,$$$,Japanese,Tuesday,Dinner,False,13.0
812,5,5.0,$,Indian,Monday,Breakfast,False,33.0
813,10,4.0,$$$,Indian,Saturday,Lunch,False,41.0
814,16,5.0,$$$$,American,Thursday,Lunch,True,18.0
815,25,5.0,$$$$,Japanese,Tuesday,Breakfast,False,29.0
816,44,1.0,$$$,Japanese,Sunday,Dinner,True,26.0
817,25,3.0,$$$,American,Saturday,Lunch,False,30.0
818,30,,$,Indian,Sunday,Dinner,False,20.0
819,14,5.0,$$$,Mexican,Thursday,Dinner,False,31.0
820,22,2.0,$$$,Mexican,Saturday,Dinner,False,33.0
821,43,4.0,$$,American,Friday,Lunch,False,
822,28,4.0,$$,Mexican,Wednesday,Lunch,False,8.0
823,30,5.0,$$$,Chinese,Friday,Breakfast,False,10.0
824,19,5.0,$$$$,Chinese,Wednesday,Lunch,False,18.0
825,38,4.0,$$,Chinese,Thursday,Lunch,False,
826,42,,$,Indian,Thursday,Dinner,True,30.0
827,20,1.0,$$$,Indian,Friday,Lunch,False,14.0
828,35,4.0,$,Indian,Saturday,Dinner,True,28.0
829,22,4.0,$$,Indian,Sunday,Lunch,False,34.0
830,15,4.0,$,Indian,Wednesday,Dinner,True,31.0
831,11,5.0,$$,American,Wednesday,Dinner,False,20.0
832,34,4.0,$$$,Mexican,Tuesday,Lunch,False,21.0
833,24,5.0,$,American,Monday,Dinner,True,12.0
834,6,3.0,$,Mexican,Saturday,Dinner,False,42.0
835,17,1.0,$$,American,Saturday,Dinner,False,29.0
836,28,4.0,$$,Chinese,Tuesday,Dinner,True,8.0
837,31,5.0,$$$,Italian,Thursday,Lunch,False,37.0
838,36,4.0,$$,Indian,Friday,Lunch,True,31.0
839,9,5.0,$$,Italian,Saturday,Breakfast,True,36.0
840,10,4.0,$$,Italian,Wednesday,Dinner,False,19.0
841,21,4.0,$,Chinese,Tuesday,Dinner,False,20.0
842,34,5.0,$$$,Italian,Friday,Dinner,False,16.0
843,31,4.0,$,Italian,Sunday,Lunch,False,46.0
844,29,3.0,$$$,Chinese,Friday,Dinner,False,19.0
845,43,2.0,$$,Mexican,Saturday,Dinner,False,15.0
846,43,5.0,$$,American,Monday,Lunch,False,18.0
847,11,5.0,$$$,Japanese,Wednesday,Breakfast,True,21.0
848,33,1.0,$$$$,Italian,Friday,Breakfast,False,40.0
849,46,4.0,$$$$,Indian,Sunday,Dinner,False,27.0
850,1,5.0,$$,Chinese,Wednesday,Dinner,False,37.0
851,21,5.0,$,Italian,Saturday,Lunch,True,27.0
852,23,4.0,$$$$,Japanese,Tuesday,Lunch,False,23.0
853,9,5.0,$,Mexican,Sunday,Dinner,True,14.0
854,1,4.0,$$$,Mexican,Friday,Dinner,False,40.0
855,21,3.0,$$$,Japanese,Sunday,Dinner,False,34.0
856,22,1.0,$$$$,Indian,Saturday,Dinner,False,35.0
857,4,4.0,$$$$,Italian,Friday,Lunch,False,34.0
858,1,4.0,$,Indian,Sunday,Dinner,False,17.0
859,10,5.0,$$$,Mexican,Tuesday,Lunch,True,27.0
860,15,3.0,$,Mexican,Sunday,Dinner,False,35.0
861,36,4.0,$,American,Wednesday,Lunch,False,34.0
862,29,1.0,$$,Mexican,Wednesday,Dinner,False,26.0
863,46,5.0,$,Chinese,Friday,Lunch,False,44.0
864,5,5.0,$$$,American,Saturday,Dinner,True,30.0
865,29,3.0,$$$$,Indian,Tuesday,Lunch,False,38.0
866,47,4.0,$$,Mexican,Thursday,Lunch,False,27.0
867,47,2.0,$,Japanese,Wednesday,Dinner,True,21.0
868,27,4.0,$$$,Chinese,Sunday,Breakfast,True,34.0
869,25,2.0,$$$$,American,Thursday,Dinner,False,32.0
870,16,4.0,$$$,Chinese,Sunday,Dinner,False,28.0
871,16,5.0,$$$,American,Friday,Dinner,False,16.0
872,36,4.0,$$$$,American,Thursday,Dinner,False,35.0
873,25,3.0,$,American,Saturday,Dinner,False,17.0
874,41,4.0,$$$$,Japanese,Sunday,Dinner,False,32.0
875,1,4.0,$$$$,Indian,Saturday,Dinner,False,14.0
876,5,4.0,$$$$,American,Sunday,Breakfast,True,16.0
877,41,2.0,$$,American,Thursday,Breakfast,False,27.0
878,20,5.0,$$$$,Chinese,Saturday,Dinner,True,30.0
879,5,4.0,$$,American,Wednesday,Lunch,False,27.0
880,36,3.0,$$,Indian,Friday,Lunch,False,19.0
881,29,2.0,$$$,Japanese,Thursday,Lunch,False,36.0
882,48,5.0,$,Japanese,Sunday,Lunch,True,26.0
883,34,3.0,$$,Chinese,Wednesday,Dinner,True,26.0
884,48,5.0,$$$,American,Sunday,Dinner,False,23.0
885,18,4.0,$$$,Chinese,Thursday,Dinner,False,17.0
886,2,4.0,$$$,Japanese,Sunday,Dinner,False,36.0
887,16,5.0,$,Indian,Wednesday,Lunch,False,
888,29,1.0,$$$,Chinese,Saturday,Lunch,False,41.0
889,33,4.0,$,Indian,Saturday,Lunch,True,16.0
890,16,4.0,$$$,Mexican,Friday,Dinner,True,28.0
891,35,5.0,$,American,Sunday,Breakfast,True,25.0
892,47,4.0,$$$,Indian,Saturday,Lunch,False,23.0
893,43,4.0,$$,American,Tuesday,Dinner,True,31.0
894,42,3.0,$$$$,Indian,Wednesday,Dinner,True,32.0
895,17,4.0,$$,Italian,Wednesday,Lunch,False,30.0
896,4,3.0,$$$,Italian,Thursday,Lunch,False,14.0
897,49,3.0,$$,Italian,Friday,Dinner,False,
898,4,3.0,$$$,Indian,Monday,Dinner,False,12.0
899,25,4.0,$$,Japanese,Saturday,Lunch,True,22.0
900,33,4.0,$,Japanese,Monday,Lunch,False,46.0
901,14,4.0,$$$,American,Tuesday,Dinner,True,24.0
902,24,5.0,$$$,Italian,Friday,Dinner,False,46.0
903,11,5.0,$,American,Wednesday,Dinner,False,24.0
904,25,5.0,$,Indian,Monday,Dinner,False,26.0
905,28,,$$$,American,Tuesday,Dinner,False,30.0
906,7,5.0,$$$,American,Friday,Lunch,False,22.0
907,49,5.0,$,Italian,Tuesday,Lunch,False,27.0
908,36,4.0,$$$$,Japanese,Saturday,Dinner,True,7.0
909,10,4.0,$$$$,Chinese,Monday,Dinner,False,16.0
910,49,2.0,$,Mexican,Thursday,Dinner,True,8.0
911,36,,$$,Indian,Thursday,Breakfast,False,32.0
912,31,3.0,$$$,Indian,Friday,Dinner,False,11.0
913,19,2.0,$$$$,Indian,Tuesday,Lunch,True,39.0
914,18,4.0,$$$,Mexican,Wednesday,Dinner,False,28.0
915,49,5.0,$$,Chinese,Monday,Breakfast,True,34.0
916,6,4.0,$,Japanese,Thursday,Dinner,False,18.0
917,28,5.0,$$,American,Thursday,Dinner,True,13.0
918,7,5.0,$$$,Japanese,Tuesday,Lunch,False,21.0
919,38,4.0,$$,Indian,Thursday,Lunch,False,35.0
920,12,4.0,$$,American,Sunday,Dinner,False,46.0
921,41,4.0,$,Italian,Tuesday,Dinner,False,30.0
922,34,5.0,$$,Japanese,Monday,Lunch,True,
923,25,5.0,$,Italian,Tuesday,Lunch,False,15.0
924,17,5.0,$,Italian,Thursday,Lunch,True,10.0
925,33,3.0,$$$$,Japanese,Tuesday,Dinner,False,23.0
926,23,4.0,$,Indian,Thursday,Lunch,False,22.0
927,9,2.0,$$,Mexican,Saturday,Breakfast,False,23.0
928,6,4.0,$,Indian,Friday,Dinner,True,14.0
929,2,,$$,Italian,Thursday,Dinner,True,13.0
930,38,,$$,Italian,Sunday,Breakfast,True,25.0
931,9,2.0,$,Indian,Sunday,Dinner,False,29.0
932,3,2.0,$,Mexican,Sunday,Dinner,True,13.0
933,16,4.0,$$$$,Mexican,Sunday,Dinner,False,29.0
934,25,3.0,$,American,Thursday,Lunch,True,
935,24,4.0,$,Chinese,Thursday,Dinner,True,5.0
936,47,5.0,$$$,Italian,Friday,Lunch,False,40.0
937,29,4.0,$$,Mexican,Saturday,Lunch,True,32.0
938,44,4.0,$$$,Japanese,Wednesday,Breakfast,False,34.0
939,40,4.0,$,Italian,Thursday,Dinner,False,14.0
940,26,5.0,$,Chinese,Wednesday,Dinner,True,32.0
941,38,3.0,$$,Japanese,Monday,Dinner,False,34.0
942,35,5.0,$$$$,Italian,Saturday,Lunch,False,18.0
943,23,4.0,$,Mexican,Tuesday,Dinner,True,32.0
944,4,3.0,$$,American,Wednesday,Dinner,True,23.0
945,42,2.0,$,Indian,Sunday,Lunch,False,18.0
946,14,2.0,$,Japanese,Saturday,Dinner,True,23.0
947,47,5.0,$$$$,Indian,Monday,Lunch,False,26.0
948,39,4.0,$,Mexican,Saturday,Dinner,False,21.0
949,7,4.0,$$$$,Mexican,Tuesday,Breakfast,True,17.0
950,8,4.0,$,Japanese,Thursday,Dinner,False,28.0
951,42,5.0,$$$$,Chinese,Thursday,Dinner,False,30.0
952,19,5.0,$$,Japanese,Sunday,Dinner,False,26.0
953,2,4.0,$$$$,Italian,Thursday,Lunch,False,8.0
954,47,4.0,$,Chinese,Friday,Lunch,False,19.0
955,1,5.0,$$$,Indian,Friday,Breakfast,True,16.0
956,42,5.0,$$$,Italian,Friday,Dinner,False,42.0
957,38,4.0,$$,Chinese,Sunday,Dinner,False,26.0
958,13,2.0,$$$,Indian,Friday,Lunch,False,22.0
959,42,5.0,$$$,Italian,Monday,Breakfast,False,19.0
960,44,3.0,$$$$,American,Sunday,Dinner,False,23.0
961,24,,$$,Japanese,Saturday,Dinner,False,32.0
962,32,5.0,$$,Japanese,Monday,Lunch,False,6.0
963,30,4.0,$$$$,Japanese,Thursday,Lunch,False,27.0
964,6,5.0,$,American,Tuesday,Lunch,False,19.0
965,38,4.0,$$,Chinese,Friday,Dinner,True,29.0
966,33,5.0,$$$$,Mexican,Saturday,Dinner,False,32.0
967,44,4.0,$$,Italian,Tuesday,Dinner,True,18.0
968,23,5.0,$$,Chinese,Sunday,Lunch,True,11.0
969,10,4.0,$$,Mexican,Sunday,Dinner,False,21.0
970,46,1.0,$$$$,Japanese,Monday,Lunch,False,37.0
971,15,4.0,$$$$,Japanese,Friday,Lunch,False,33.0
972,23,5.0,$$$$,Japanese,Sunday,Dinner,False,21.0
973,36,3.0,$$$,Mexican,Monday,Lunch,True,18.0
974,1,4.0,$$,Italian,Monday,Lunch,False,19.0
975,8,3.0,$,Italian,Wednesday,Dinner,True,12.0
976,3,2.0,$,Mexican,Saturday,Breakfast,True,32.0
977,14,4.0,$,Indian,Monday,Dinner,False,34.0
978,17,5.0,$,Japanese,Thursday,Dinner,False,21.0
979,34,4.0,$$$$,Chinese,Sunday,Dinner,True,19.0
980,47,4.0,$$$,Italian,Monday,Breakfast,False,18.0
981,6,5.0,$$,Mexican,Friday,Lunch,False,20.0
982,5,5.0,$$$$,Indian,Sunday,Breakfast,True,17.0
983,46,5.0,$$$$,American,Sunday,Lunch,True,23.0
984,41,3.0,$$$,Mexican,Thursday,Dinner,False,32.0
985,40,4.0,$$,Indian,Monday,Lunch,True,31.0
986,29,4.0,$,American,Thursday,Lunch,False,16.0
987,35,4.0,$$,Indian,Monday,Dinner,False,26.0
988,18,5.0,$,Italian,Saturday,Dinner,False,31.0
989,40,4.0,$$,Mexican,Thursday,Dinner,False,15.0
990,48,2.0,$$$$,American,Tuesday,Lunch,False,26.0
991,30,5.0,$$,Indian,Wednesday,Dinner,True,37.0
992,15,4.0,$,American,Thursday,Dinner,False,22.0
993,15,5.0,$$,Chinese,Friday,Lunch,False,5.0
994,16,4.0,$$$,Mexican,Wednesday,Lunch,True,5.0
995,33,2.0,$,Italian,Wednesday,Lunch,False,28.0
996,10,4.0,$,American,Monday,Dinner,True,26.0
997,19,4.0,$$$$,Japanese,Thursday,Lunch,True,26.0
998,37,3.0,$,Indian,Saturday,Dinner,False,29.0
999,3,4.0,$$$,Japanese,Sunday,Dinner,False,10.0
1000,36,4.0,$$,American,Wednesday,Dinner,False,16.0
1001,4,4.0,$$,Japanese,Friday,Breakfast,True,29.0
1002,11,3.0,$$,Indian,Saturday,Lunch,False,32.0
1003,41,4.0,$$$,American,Saturday,Breakfast,True,22.0
1004,33,3.0,$$$$,Italian,Friday,Lunch,False,10.0
1005,28,4.0,$$,Italian,Sunday,Dinner,False,28.0
1006,32,2.0,$,Mexican,Friday,Breakfast,False,25.0
1007,16,1.0,$,Italian,Monday,Lunch,False,14.0
1008,9,4.0,$$$,American,Tuesday,Breakfast,False,5.0
1009,11,3.0,$$,American,Sunday,Lunch,False,30.0
1010,6,4.0,$,Italian,Thursday,Dinner,False,18.0
1011,49,5.0,$$,Chinese,Wednesday,Dinner,False,26.0
1012,27,4.0,$$,American,Thursday,Dinner,False,26.0
1013,12,4.0,$$$$,Mexican,Saturday,Lunch,False,13.0
1014,22,5.0,$$$,Chinese,Wednesday,Dinner,False,29.0
1015,40,5.0,$,Italian,Sunday,Dinner,True,16.0
1016,48,5.0,$,Indian,Monday,Lunch,True,10.0
1017,37,2.0,$$,American,Thursday,Lunch,False,8.0
1018,21,4.0,$,Indian,Monday,Dinner,False,24.0
1019,33,5.0,$$$,Japanese,Monday,Dinner,False,40.0
1020,17,5.0,$$,Mexican,Sunday,Dinner,False,25.0
1021,29,4.0,$$,Chinese,Thursday,Lunch,False,42.0
1022,40,1.0,$$,Indian,Thursday,Lunch,False,39.0
1023,10,5.0,$$$,Mexican,Sunday,Dinner,False,30.0
1024,18,4.0,$$,Indian,Sunday,Dinner,True,40.0
1025,47,4.0,$$$,Indian,Wednesday,Dinner,False,39.0
1026,13,4.0,$$$,Mexican,Saturday,Dinner,False,36.0
1027,27,4.0,$$$,American,Saturday,Lunch,False,6.0
1028,10,3.0,$$$,Indian,Sunday,Dinner,False,22.0
1029,32,4.0,$,Mexican,Friday,Dinner,True,18.0
1030,41,5.0,$,Indian,Monday,Dinner,True,
1031,45,4.0,$$$$,American,Saturday,Lunch,False,21.0
1032,3,4.0,$$$$,Mexican,Tuesday,Lunch,True,42.0
1033,22,5.0,$$$,Indian,Sunday,Dinner,True,26.0
1034,27,4.0,$$$,Italian,Sunday,Dinner,False,24.0
1035,3,4.0,$$,American,Wednesday,Dinner,False,21.0
1036,33,4.0,$$,Indian,Sunday,Dinner,False,23.0
1037,2,2.0,$$$$,Chinese,Wednesday,Dinner,True,27.0
1038,11,2.0,$$$$,Mexican,Friday,Dinner,False,24.0
1039,46,5.0,$$,Indian,Friday,Breakfast,False,20.0
1040,10,5.0,$$,American,Sunday,Breakfast,False,20.0
1041,39,5.0,$$,American,Monday,Breakfast,False,43.0
1042,33,2.0,$$,Chinese,Wednesday,Dinner,False,44.0
1043,7,4.0,$$,Chinese,Wednesday,Lunch,False,
1044,15,1.0,$$$,Japanese,Tuesday,Lunch,False,33.0
1045,26,,$,Japanese,Monday,Dinner,True,
1046,11,3.0,$$$,Indian,Monday,Dinner,True,21.0
1047,38,,$$$,Italian,Saturday,Dinner,True,14.0
1048,27,,$$$,American,Friday,Lunch,True,35.0
1049,39,1.0,$$$,Italian,Saturday,Dinner,True,
1050,7,4.0,$$,Italian,Monday,Lunch,False,31.0
1051,1,3.0,$$$,Indian,Sunday,Breakfast,True,33.0
1052,10,5.0,$$,Mexican,Tuesday,Lunch,False,16.0
1053,21,5.0,$$$$,Mexican,Sunday,Lunch,False,21.0
1054,15,1.0,$,Mexican,Sunday,Lunch,True,29.0
1055,30,4.0,$$$$,Chinese,Monday,Dinner,False,21.0
1056,30,5.0,$$,American,Saturday,Lunch,True,25.0
1057,8,5.0,$,Chinese,Thursday,Dinner,False,17.0
1058,24,5.0,$$,American,Sunday,Breakfast,False,38.0
1059,19,3.0,$$$,Japanese,Sunday,Breakfast,True,34.0
1060,3,3.0,$,American,Thursday,Dinner,False,
1061,15,3.0,$$,American,Tuesday,Dinner,False,
1062,36,4.0,$$$,Indian,Friday,Dinner,True,14.0
1063,6,5.0,$$,Mexican,Wednesday,Dinner,False,20.0
1064,42,3.0,$$,Chinese,Monday,Dinner,False,17.0
1065,48,4.0,$$,Japanese,Saturday,Dinner,True,22.0
1066,18,3.0,$$,Chinese,Friday,Dinner,False,35.0
1067,38,5.0,$$$,Indian,Saturday,Dinner,True,10.0
1068,19,1.0,$$,American,Friday,Breakfast,False,19.0
1069,49,3.0,$$$$,Japanese,Monday,Dinner,True,21.0
1070,30,4.0,$$,Mexican,Wednesday,Lunch,False,11.0
1071,13,2.0,$$$,Italian,Monday,Lunch,False,27.0
1072,39,4.0,$$$,Italian,Wednesday,Dinner,True,21.0
1073,12,4.0,$$$$,Indian,Saturday,Breakfast,False,36.0
1074,34,5.0,$,Mexican,Tuesday,Lunch,True,22.0
1075,12,4.0,$,Italian,Wednesday,Breakfast,False,29.0
1076,44,4.0,$$,Italian,Friday,Dinner,True,26.0
1077,24,5.0,$$$$,Japanese,Tuesday,Breakfast,False,5.0
1078,4,5.0,$,Japanese,Saturday,Lunch,False,10.0
1079,36,5.0,$$$$,Chinese,Thursday,Dinner,False,
1080,48,4.0,$,Mexican,Tuesday,Lunch,True,28.0
1081,14,4.0,$,Italian,Wednesday,Breakfast,False,24.0
1082,17,4.0,$,Japanese,Tuesday,Lunch,False,38.0
1083,49,5.0,$$,Japanese,Saturday,Breakfast,False,30.0
1084,3,5.0,$$$$,Japanese,Tuesday,Lunch,False,40.0
1085,38,3.0,$$,Chinese,Saturday,Breakfast,False,5.0
1086,23,2.0,$$,Mexican,Thursday,Lunch,False,42.0
1087,13,1.0,$,American,Wednesday,Dinner,False,18.0
1088,9,3.0,$$$,Japanese,Sunday,Dinner,True,25.0
1089,21,3.0,$,Mexican,Friday,Dinner,False,36.0
1090,41,,$$,Indian,Tuesday,Lunch,False,5.0
1091,8,3.0,$$$,Chinese,Sunday,Lunch,True,22.0
1092,17,4.0,$$,American,Monday,Dinner,False,35.0
1093,16,3.0,$,Japanese,Friday,Breakfast,False,18.0
1094,16,3.0,$,Japanese,Tuesday,Dinner,False,
1095,28,4.0,$$$,Chinese,Friday,Lunch,True,31.0
1096,16,5.0,$$$,Chinese,Sunday,Dinner,True,26.0
1097,46,4.0,$$$$,Italian,Monday,Lunch,False,30.0
1098,46,4.0,$$$,Japanese,Friday,Lunch,True,37.0
1099,14,4.0,$$$$,Mexican,Sunday,Dinner,False,31.0
1100,46,3.0,$$,Chinese,Friday,Dinner,False,34.0
1101,44,4.0,$$,Chinese,Monday,Lunch,True,16.0
1102,38,3.0,$,Indian,Monday,Dinner,False,30.0
1103,20,4.0,$$,Indian,Monday,Breakfast,False,29.0
1104,45,5.0,$$$,Indian,Thursday,Breakfast,True,36.0
1105,48,,$$$,Chinese,Saturday,Dinner,False,13.0
1106,41,3.0,$$,American,Saturday,Dinner,True,35.0
1107,34,5.0,$$,Mexican,Sunday,Dinner,False,16.0
1108,29,3.0,$$$,Chinese,Monday,Lunch,False,48.0
1109,3,3.0,$$,Italian,Sunday,Breakfast,False,16.0
1110,10,4.0,$$,Japanese,Saturday,Dinner,False,13.0
1111,20,4.0,$$$,American,Friday,Lunch,False,22.0
1112,2,2.0,$,American,Monday,Lunch,True,35.0
1113,27,4.0,$$$$,Mexican,Tuesday,Lunch,False,28.0
1114,32,5.0,$$$$,American,Monday,Breakfast,False,
1115,10,3.0,$$,Mexican,Monday,Lunch,False,21.0
1116,40,,$$,American,Saturday,Lunch,False,20.0
1117,17,3.0,$$$,Japanese,Sunday,Dinner,False,17.0
1118,33,4.0,$$,Mexican,Wednesday,Dinner,False,19.0
1119,6,1.0,$,Indian,Friday,Lunch,False,11.0
1120,39,5.0,$$$$,Indian,Saturday,Lunch,False,18.0
1121,47,4.0,$$,American,Sunday,Lunch,False,12.0
1122,18,5.0,$,American,Sunday,Lunch,False,32.0
1123,9,2.0,$$,Mexican,Friday,Dinner,False,39.0
1124,8,5.0,$,Mexican,Sunday,Dinner,False,27.0
1125,25,5.0,$,Japanese,Tuesday,Dinner,True,18.0
1126,31,5.0,$$,Chinese,Thursday,Dinner,False,32.0
1127,42,5.0,$$,Indian,Wednesday,Lunch,True,24.0
1128,4,,$$,Chinese,Tuesday,Lunch,True,35.0
1129,20,4.0,$$$$,Chinese,Tuesday,Dinner,False,15.0
1130,28,4.0,$$$$,Italian,Friday,Dinner,False,16.0
1131,40,4.0,$,Mexican,Wednesday,Lunch,False,
1132,1,5.0,$,Italian,Friday,Lunch,False,24.0
1133,40,3.0,$$$,Italian,Thursday,Dinner,False,34.0
1134,44,3.0,$$$,Chinese,Sunday,Breakfast,True,16.0
1135,23,3.0,$$$$,Italian,Friday,Dinner,False,29.0
1136,47,5.0,$$$,Japanese,Monday,Dinner,False,30.0
1137,13,,$,Mexican,Friday,Breakfast,False,9.0
1138,16,4.0,$$,Chinese,Sunday,Dinner,False,24.0
1139,26,4.0,$$$,Mexican,Monday,Dinner,False,5.0
1140,31,4.0,$$$$,Japanese,Tuesday,Dinner,False,39.0
1141,1,4.0,$,American,Thursday,Lunch,True,11.0
1142,17,3.0,$$,Italian,Sunday,Lunch,False,23.0
1143,16,5.0,$,Chinese,Saturday,Dinner,False,24.0
1144,37,4.0,$$,Indian,Monday,Lunch,False,15.0
1145,10,4.0,$,Mexican,Thursday,Lunch,False,43.0
1146,38,1.0,$$$$,Japanese,Friday,Lunch,False,18.0
1147,44,5.0,$$$,Italian,Saturday,Dinner,False,
1148,31,5.0,$$$$,Mexican,Friday,Breakfast,False,18.0
1149,10,4.0,$$$$,Japanese,Sunday,Lunch,False,18.0
1150,49,5.0,$,Mexican,Tuesday,Breakfast,True,23.0
1151,34,4.0,$$$,American,Sunday,Dinner,True,
1152,6,4.0,$$$$,Japanese,Sunday,Dinner,True,26.0
1153,28,,$$,Mexican,Sunday,Breakfast,True,17.0
1154,28,5.0,$$$,American,Friday,Dinner,False,24.0
1155,13,4.0,$$,American,Monday,Breakfast,False,11.0
1156,41,5.0,$$$,American,Tuesday,Dinner,True,36.0
1157,12,4.0,$$,Italian,Thursday,Dinner,False,
1158,40,5.0,$$,Japanese,Tuesday,Dinner,True,20.0
1159,2,5.0,$,Mexican,Thursday,Breakfast,False,5.0
1160,8,4.0,$,Mexican,Wednesday,Dinner,True,19.0
1161,42,5.0,$,Japanese,Monday,Dinner,True,41.0
1162,9,4.0,$,American,Monday,Dinner,True,31.0
1163,8,,$$,Mexican,Thursday,Lunch,False,36.0
1164,3,5.0,$,Mexican,Friday,Breakfast,False,26.0
1165,9,3.0,$,American,Saturday,Dinner,True,5.0
1166,13,5.0,$$$,Indian,Friday,Lunch,False,25.0
1167,9,4.0,$$$,Indian,Wednesday,Dinner,True,27.0
1168,31,5.0,$$$,American,Thursday,Lunch,False,33.0
1169,25,5.0,$$$$,Italian,Wednesday,Dinner,False,24.0
1170,44,2.0,$,Mexican,Thursday,Breakfast,True,17.0
1171,45,4.0,$,Mexican,Wednesday,Breakfast,False,24.0
1172,8,4.0,$$,Indian,Thursday,Breakfast,False,21.0
1173,47,5.0,$$$$,American,Monday,Breakfast,False,30.0
1174,31,5.0,$$$,Japanese,Wednesday,Dinner,False,24.0
1175,45,4.0,$$,Japanese,Wednesday,Dinner,False,15.0
1176,45,5.0,$,Italian,Thursday,Dinner,False,30.0
1177,31,,$$$,American,Tuesday,Dinner,False,17.0
1178,17,2.0,$$,Indian,Tuesday,Dinner,False,21.0
1179,47,3.0,$$,Indian,Monday,Lunch,False,20.0
1180,19,4.0,$$$$,Mexican,Friday,Lunch,False,27.0
1181,3,3.0,$$,Chinese,Friday,Lunch,False,11.0
1182,46,3.0,$$$$,Italian,Monday,Dinner,False,25.0
1183,30,2.0,$$,Italian,Friday,Lunch,False,35.0
1184,10,5.0,$$$,Chinese,Saturday,Breakfast,False,25.0
1185,49,3.0,$$$$,Japanese,Saturday,Dinner,False,18.0
1186,29,3.0,$$,Japanese,Saturday,Dinner,True,21.0
1187,40,3.0,$$$,Japanese,Sunday,Dinner,False,27.0
1188,18,,$$$,Indian,Sunday,Dinner,False,30.0
1189,12,4.0,$$$$,American,Saturday,Dinner,False,40.0
1190,49,3.0,$,Italian,Thursday,Lunch,True,8.0
1191,23,4.0,$$,Chinese,Tuesday,Dinner,True,27.0
1192,11,5.0,$$,Mexican,Monday,Dinner,False,26.0
1193,9,4.0,$$$$,Mexican,Thursday,Lunch,False,24.0
1194,24,4.0,$$$$,Indian,Saturday,Lunch,False,
1195,25,4.0,$,Italian,Monday,Lunch,False,22.0
1196,25,3.0,$,American,Tuesday,Lunch,False,15.0
1197,47,5.0,$$$$,Italian,Friday,Dinner,False,27.0
1198,9,5.0,$$,Japanese,Thursday,Lunch,False,31.0
1199,12,4.0,$,Mexican,Tuesday,Lunch,False,24.0
1200,11,4.0,$,Italian,Monday,Dinner,False,35.0
